﻿<?xml version="1.0" encoding="utf-16"?>
<ArrayOfSavedBuffSet xmlns:xsd="http://www.w3.org/2001/XMLSchema" xmlns:xsi="http://www.w3.org/2001/XMLSchema-instance">
  <SavedBuffSet>
    <Name>UnBuffed</Name>
    <SetAsString />
  </SavedBuffSet>
  <SavedBuffSet>
    <Name>Fully Buffed DPSWarr</Name>
    <SetAsString>
      <string>Stoneskin Totem</string>
      <string>Ancestral Healing</string>
      <string>Trueshot Aura</string>
      <string>Ferocious Inspiration</string>
      <string>Power Word: Fortitude</string>
      <string>Windfury Totem</string>
      <string>Blessing of Kings</string>
      <string>Master Poisoner</string>
      <string>Flask of Titanic Strength</string>
      <string>Potion of Speed</string>
      <string>Strength Food</string>
      <string>Leader of the Pack</string>
      <string>Mangle</string>
      <string>Blood Frenzy</string>
      <string>Faerie Fire</string>
      <string>Judgements of the Just</string>
      <string>Demoralizing Shout</string>
      <string>Strength of Earth Totem</string>
    </SetAsString>
  </SavedBuffSet>
  <SavedBuffSet>
    <Name>Fully Buffed ProtWarr</Name>
    <SetAsString>
      <string>Strength of Earth Totem</string>
      <string>Stoneskin Totem</string>
      <string>Ancestral Healing</string>
      <string>Trueshot Aura</string>
      <string>Ferocious Inspiration</string>
      <string>Power Word: Fortitude</string>
      <string>Leader of the Pack</string>
      <string>Windfury Totem</string>
      <string>Blessing of Kings</string>
      <string>Resistance Aura</string>
      <string>Aspect of the Wild</string>
      <string>Faerie Fire</string>
      <string>Demoralizing Shout</string>
      <string>Mangle</string>
      <string>Judgements of the Just</string>
      <string>Flask of Steelskin</string>
      <string>Indestructible Potion</string>
      <string>Agility Food</string>
    </SetAsString>
  </SavedBuffSet>
  <SavedBuffSet>
    <Name>Fully Buffed Bear</Name>
    <SetAsString>
      <string>Strength of Earth Totem</string>
      <string>Stoneskin Totem</string>
      <string>Ancestral Healing</string>
      <string>Trueshot Aura</string>
      <string>Ferocious Inspiration</string>
      <string>Power Word: Fortitude</string>
      <string>Leader of the Pack</string>
      <string>Windfury Totem</string>
      <string>Focus Magic</string>
      <string>Blessing of Kings</string>
      <string>Resistance Aura</string>
      <string>Faerie Fire</string>
      <string>Demoralizing Shout</string>
      <string>Critical Mass</string>
      <string>Master Poisoner</string>
      <string>Judgements of the Just</string>
      <string>Flask of Steelskin</string>
      <string>Indestructible Potion</string>
      <string>Agility Food</string>
    </SetAsString>
  </SavedBuffSet>
  <SavedBuffSet>
    <Name>Fully Buffed DPSDK</Name>
    <SetAsString>
      <string>Strength of Earth Totem</string>
      <string>Stoneskin Totem</string>
      <string>Trueshot Aura</string>
      <string>Ferocious Inspiration</string>
      <string>Power Word: Fortitude</string>
      <string>Leader of the Pack</string>
      <string>Windfury Totem</string>
      <string>Focus Magic</string>
      <string>Wrath of Air Totem</string>
      <string>Blessing of Kings</string>
      <string>Blood Frenzy</string>
      <string>Critical Mass</string>
      <string>Master Poisoner</string>
      <string>Flask of Titanic Strength</string>
      <string>Potion of Speed</string>
      <string>Strength Food</string>
    </SetAsString>
  </SavedBuffSet>
  <SavedBuffSet>
    <Name>Fully Buffed TankDK</Name>
    <SetAsString>
      <string>Strength of Earth Totem</string>
      <string>Stoneskin Totem</string>
      <string>Ancestral Healing</string>
      <string>Trueshot Aura</string>
      <string>Ferocious Inspiration</string>
      <string>Power Word: Fortitude</string>
      <string>Leader of the Pack</string>
      <string>Windfury Totem</string>
      <string>Resistance Aura</string>
      <string>Aspect of the Wild</string>
      <string>Expose Armor</string>
      <string>Demoralizing Shout</string>
      <string>Blood Frenzy</string>
      <string>Master Poisoner</string>
      <string>Flask of Steelskin</string>
      <string>Earthen Potion</string>
      <string>Dodge Food</string>
    </SetAsString>
  </SavedBuffSet>
  <SavedBuffSet>
    <Name>Fully Buffed Enhance</Name>
    <SetAsString>
      <string>Strength of Earth Totem</string>
      <string>Unleashed Rage</string>
      <string>Arcane Tactics</string>
      <string>Commanding Shout</string>
      <string>Arcane Brilliance (Mana)</string>
      <string>Blessing of Might (Mp5)</string>
      <string>Arcane Brilliance (SP%)</string>
      <string>Leader of the Pack</string>
      <string>Windfury Totem</string>
      <string>Communion</string>
      <string>Moonkin Form</string>
      <string>Mark of the Wild</string>
      <string>Faerie Fire</string>
      <string>Brittle Bones</string>
      <string>Critical Mass</string>
      <string>Earth and Moon</string>
      <string>Flask of the Winds</string>
      <string>Agility Food</string>
    </SetAsString>
  </SavedBuffSet>
  <SavedBuffSet>
    <Name>Fully Buffed ProtPaladin</Name>
    <SetAsString>
      <string>Strength of Earth Totem</string>
      <string>Stoneskin Totem</string>
      <string>Inspiration</string>
      <string>Abomination's Might</string>
      <string>Arcane Tactics</string>
      <string>Qiraji Fortitude</string>
      <string>Honor Among Thieves</string>
      <string>Windfury Totem</string>
      <string>Wrath of Air Totem</string>
      <string>Mark of the Wild</string>
      <string>Shadow Protection</string>
      <string>Aspect of the Wild</string>
      <string>Vindication</string>
      <string>Savage Combat</string>
      <string>Improved Shadow Bolt</string>
      <string>Curse of the Elements</string>
      <string>Frost Fever</string>
      <string>Elixir of Deep Earth</string>
      <string>Elixir of the Master</string>
      <string>Earthen Potion</string>
      <string>Mastery Food</string>
    </SetAsString>
  </SavedBuffSet>
  <SavedBuffSet>
    <Name>Fully Buffed Cat</Name>
    <SetAsString>
      <string>Strength of Earth Totem</string>
      <string>Trueshot Aura</string>
      <string>Ferocious Inspiration</string>
      <string>Power Word: Fortitude</string>
      <string>Leader of the Pack</string>
      <string>Windfury Totem</string>
      <string>Blessing of Kings</string>
      <string>Resistance Aura</string>
      <string>Aspect of the Wild</string>
      <string>Faerie Fire</string>
      <string>Mangle</string>
      <string>Blood Frenzy</string>
      <string>Flask of the Winds</string>
      <string>Potion of the Tol'vir</string>
      <string>Agility Food</string>
    </SetAsString>
  </SavedBuffSet>
</ArrayOfSavedBuffSet>