<?xml version="1.0" encoding="utf-16"?>
<ArrayOfSavedTalentSpec xmlns:xsd="http://www.w3.org/2001/XMLSchema" xmlns:xsi="http://www.w3.org/2001/XMLSchema-instance">
  <SavedTalentSpec>
    <Name>Untalented</Name>
    <Class>DeathKnight</Class>
    <Spec>0000000000000000000000000000000000000000000000000000000000.00000000000000000000000000000</Spec>
    <Tree1>0</Tree1>
    <Tree2>0</Tree2>
    <Tree3>0</Tree3>
  </SavedTalentSpec>
  <SavedTalentSpec>
    <Name>Untalented</Name>
    <Class>Druid</Class>
    <Spec>0000000000000000000000000000000000000000000000000000000000000000.0000000000000000000000000000000000000000</Spec>
    <Tree1>0</Tree1>
    <Tree2>0</Tree2>
    <Tree3>0</Tree3>
  </SavedTalentSpec>
  <SavedTalentSpec>
    <Name>Untalented</Name>
    <Class>Hunter</Class>
    <Spec>0000000000000000000000000000000000000000000000000000000000.000000000000000000000000000000000</Spec>
    <Tree1>0</Tree1>
    <Tree2>0</Tree2>
    <Tree3>0</Tree3>
  </SavedTalentSpec>
  <SavedTalentSpec>
    <Name>Untalented</Name>
    <Class>Mage</Class>
    <Spec>0000000000000000000000000000000000000000000000000000000000000.0000000000000000000</Spec>
    <Tree1>0</Tree1>
    <Tree2>0</Tree2>
    <Tree3>0</Tree3>
  </SavedTalentSpec>
  <SavedTalentSpec>
    <Name>Untalented</Name>
    <Class>Paladin</Class>
    <Spec>000000000000000000000000000000000000000000000000000000000000.0000000000000000000000000000000000</Spec>
    <Tree1>0</Tree1>
    <Tree2>0</Tree2>
    <Tree3>0</Tree3>
  </SavedTalentSpec>
  <SavedTalentSpec>
    <Name>Untalented</Name>
    <Class>Priest</Class>
    <Spec>0000000000000000000000000000000000000000000000000000000000000.0000000000000000000000000000000000000</Spec>
    <Tree1>0</Tree1>
    <Tree2>0</Tree2>
    <Tree3>0</Tree3>
  </SavedTalentSpec>
  <SavedTalentSpec>
    <Name>Untalented</Name>
    <Class>Rogue</Class>
    <Spec>000000000000000000000000000000000000000000000000000000000.0000000000000000000000000000000000</Spec>
    <Tree1>0</Tree1>
    <Tree2>0</Tree2>
    <Tree3>0</Tree3>
  </SavedTalentSpec>
  <SavedTalentSpec>
    <Name>Untalented</Name>
    <Class>Shaman</Class>
    <Spec>000000000000000000000000000000000000000000000000000000000.00000000000000000000000000000000</Spec>
    <Tree1>0</Tree1>
    <Tree2>0</Tree2>
    <Tree3>0</Tree3>
  </SavedTalentSpec>
  <SavedTalentSpec>
    <Name>Untalented</Name>
    <Class>Warrior</Class>
    <Spec>0000000000000000000000000000000000000000000000000000000000000.0000000000000000000000000000000000</Spec>
    <Tree1>0</Tree1>
    <Tree2>0</Tree2>
    <Tree3>0</Tree3>
  </SavedTalentSpec>
  <SavedTalentSpec>
    <Name>Untalented</Name>
    <Class>Warlock</Class>
    <Spec>00000000000000000000000000000000000000000000000000000000.00000000000000000</Spec>
    <Tree1>0</Tree1>
    <Tree2>0</Tree2>
    <Tree3>0</Tree3>
  </SavedTalentSpec>
  <SavedTalentSpec>
    <Name>Arms</Name>
    <Class>Warrior</Class>
    <Spec>3120032312021231220103220000000000000000010200000000000000000.1001100000100000001000010010011000</Spec>
    <Tree1>31</Tree1>
    <Tree2>7</Tree2>
    <Tree3>3</Tree3>
  </SavedTalentSpec>
  <SavedTalentSpec>
    <Name>Fury</Name>
    <Class>Warrior</Class>
    <Spec>3000000000000000000003222203130111022321030000000000000000000.0100010011010100000000000010010010</Spec>
    <Tree1>3</Tree1>
    <Tree2>31</Tree2>
    <Tree3>3</Tree3>
  </SavedTalentSpec>
  <SavedTalentSpec>
    <Name>Prot</Name>
    <Class>Warrior</Class>
    <Spec>0200000000000000000020000000000000000000033233221121012212231.0010001100000000001010100010011000</Spec>
    <Tree1>2</Tree1>
    <Tree2>2</Tree2>
    <Tree3>37</Tree3>
  </SavedTalentSpec>
  <SavedTalentSpec>
    <Name>Arcane</Name>
    <Class>Mage</Class>
    <Spec>3033222212301222111212000000000000000000000300000000000000000.00000100000110000000</Spec>
    <Tree1>36</Tree1>
    <Tree2>2</Tree2>
    <Tree3>3</Tree3>
  </SavedTalentSpec>
  <SavedTalentSpec>
    <Name>Fire</Name>
    <Class>Mage</Class>
    <Spec>0030000000000000000002323302011201212132310300000000000000000.10001001000000000000</Spec>
    <Tree1>3</Tree1>
    <Tree2>35</Tree2>
    <Tree3>3</Tree3>
  </SavedTalentSpec>
  <SavedTalentSpec>
    <Name>Frostfire</Name>
    <Class>Mage</Class>
    <Spec>0030000000000000000002323302011201212132310300000000000000000.01001001000000000000</Spec>
    <Tree1>3</Tree1>
    <Tree2>35</Tree2>
    <Tree3>3</Tree3>
  </SavedTalentSpec>
  <SavedTalentSpec>
    <Name>Frost</Name>
    <Class>Mage</Class>
    <Spec>2000000000000000000002303000000000000000002323021013331301021.01000001000000000100</Spec>
    <Tree1>2</Tree1>
    <Tree2>8</Tree2>
    <Tree3>31</Tree3>
  </SavedTalentSpec>
  <SavedTalentSpec>
    <Name>Unholy2h</Name>
    <Class>DeathKnight</Class>
    <Spec>20320000000000000000200000000000000000000331032123131021231.00000000000000000000000000000</Spec>
    <Tree1>7</Tree1>
    <Tree2>2</Tree2>
    <Tree3>32</Tree3>
  </SavedTalentSpec>
  <SavedTalentSpec>
    <Name>UnholyDW</Name>
    <Class>DeathKnight</Class>
    <Spec>20310000000000000000003000000000000000000331032123131021231.00000000000000000000000000000</Spec>
    <Tree1>6</Tree1>
    <Tree2>3</Tree2>
    <Tree3>32</Tree3>
  </SavedTalentSpec>
  <SavedTalentSpec>
    <Name>BloodTank</Name>
    <Class>DeathKnight</Class>
    <Spec>03322200132222311301320010000000000000000020000000000000000.10001000010001000000001010000</Spec>
    <Tree1>33</Tree1>
    <Tree2>6</Tree2>
    <Tree3>2</Tree3>
  </SavedTalentSpec>
  <SavedTalentSpec>
    <Name>FrostDW</Name>
    <Class>DeathKnight</Class>
    <Spec>20320000000000000000023302022331120123010030000000000000000.00000000000000000000000000000</Spec>
    <Tree1>7</Tree1>
    <Tree2>31</Tree2>
    <Tree3>3</Tree3>
  </SavedTalentSpec>
  <SavedTalentSpec>
    <Name>Frost2h</Name>
    <Class>DeathKnight</Class>
    <Spec>20320000000000000000320302022331120120310030000000000000000.00000000000000000000000000000</Spec>
    <Tree1>7</Tree1>
    <Tree2>31</Tree2>
    <Tree3>3</Tree3>
  </SavedTalentSpec>
</ArrayOfSavedTalentSpec>