<?xml version="1.0" encoding="utf-16"?>
<ArrayOfSavedTalentSpec xmlns:xsi="http://www.w3.org/2001/XMLSchema-instance" xmlns:xsd="http://www.w3.org/2001/XMLSchema">
  <SavedTalentSpec>
    <Name>Untalented</Name>
    <Class>Druid</Class>
    <Spec>0000000000000000000000000000000000000000000000000000000000000000.0000000000000000000000000000000000000000</Spec>
    <Tree1>0</Tree1>
    <Tree2>0</Tree2>
    <Tree3>0</Tree3>
  </SavedTalentSpec>
  <SavedTalentSpec>
    <Name>Untalented</Name>
    <Class>DeathKnight</Class>
    <Spec>0000000000000000000000000000000000000000000000000000000000.00000000000000000000000000000</Spec>
    <Tree1>0</Tree1>
    <Tree2>0</Tree2>
    <Tree3>0</Tree3>
  </SavedTalentSpec>
  <SavedTalentSpec>
    <Name>Untalented</Name>
    <Class>Hunter</Class>
    <Spec>0000000000000000000000000000000000000000000000000000000000.000000000000000000000000000000000</Spec>
    <Tree1>0</Tree1>
    <Tree2>0</Tree2>
    <Tree3>0</Tree3>
  </SavedTalentSpec>
  <SavedTalentSpec>
    <Name>Untalented</Name>
    <Class>Mage</Class>
    <Spec>0000000000000000000000000000000000000000000000000000000000000.0000000000000000000</Spec>
    <Tree1>0</Tree1>
    <Tree2>0</Tree2>
    <Tree3>0</Tree3>
  </SavedTalentSpec>
  <SavedTalentSpec>
    <Name>Untalented</Name>
    <Class>Paladin</Class>
    <Spec>000000000000000000000000000000000000000000000000000000000000.0000000000000000000000000000000000</Spec>
    <Tree1>0</Tree1>
    <Tree2>0</Tree2>
    <Tree3>0</Tree3>
  </SavedTalentSpec>
  <SavedTalentSpec>
    <Name>Untalented</Name>
    <Class>Priest</Class>
    <Spec>0000000000000000000000000000000000000000000000000000000000000.0000000000000000000000000000000000000</Spec>
    <Tree1>0</Tree1>
    <Tree2>0</Tree2>
    <Tree3>0</Tree3>
  </SavedTalentSpec>
</ArrayOfSavedTalentSpec>