﻿<?xml version="1.0" encoding="utf-16"?>
<ArrayOfTinkering xmlns:xsi="http://www.w3.org/2001/XMLSchema-instance" xmlns:xsd="http://www.w3.org/2001/XMLSchema">
  <Tinkering>
    <Id>0</Id>
    <Name>No Tinkering</Name>
    <Slot>None</Slot>
    <Stats />
  </Tinkering>
  <Tinkering>
    <Id>4180</Id>
    <Name>Quickflip Deflection Plates</Name>
    <Slot>Hands</Slot>
    <Stats>
      <SpecialEffects>
        <SpecialEffect>
          <Trigger>Use</Trigger>
          <Stats>
            <BonusArmor>1500</BonusArmor>
          </Stats>
          <Duration>12</Duration>
          <Cooldown>60</Cooldown>
          <Chance>1</Chance>
          <MaxStack>1</MaxStack>
          <LimitedToExecutePhase>false</LimitedToExecutePhase>
        </SpecialEffect>
      </SpecialEffects>
      <SpecialEffectCount>1</SpecialEffectCount>
    </Stats>
    <IconSource>inv_misc_desecrated_leatherglove</IconSource>
  </Tinkering>
  <Tinkering>
    <Id>4179</Id>
    <Name>Synapse Springs</Name>
    <Slot>Hands</Slot>
    <Stats>
      <SpecialEffects>
        <SpecialEffect>
          <Trigger>Use</Trigger>
          <Stats>
            <HighestStat>480</HighestStat>
          </Stats>
          <Duration>12</Duration>
          <Cooldown>60</Cooldown>
          <Chance>1</Chance>
          <MaxStack>1</MaxStack>
          <LimitedToExecutePhase>false</LimitedToExecutePhase>
        </SpecialEffect>
      </SpecialEffects>
      <SpecialEffectCount>1</SpecialEffectCount>
    </Stats>
    <IconSource>spell_shaman_elementaloath</IconSource>
  </Tinkering>
  <Tinkering>
    <Id>4181</Id>
    <Name>Tazik Shocker</Name>
    <Slot>Hands</Slot>
    <Stats>
      <SpecialEffects>
        <SpecialEffect>
          <Trigger>Use</Trigger>
          <Stats>
            <NatureDamage>4800</NatureDamage>
          </Stats>
          <Duration>0</Duration>
          <Cooldown>120</Cooldown>
          <Chance>1</Chance>
          <MaxStack>1</MaxStack>
          <LimitedToExecutePhase>false</LimitedToExecutePhase>
        </SpecialEffect>
      </SpecialEffects>
      <SpecialEffectCount>1</SpecialEffectCount>
    </Stats>
    <IconSource>spell_nature_abolishmagic</IconSource>
  </Tinkering>
  <Tinkering>
    <Id>4188</Id>
    <Name>Grounded Plasma Shield</Name>
    <Slot>Waist</Slot>
    <Stats>
      <SpecialEffects>
        <SpecialEffect>
          <Trigger>Use</Trigger>
          <Stats>
            <DamageAbsorbed>18000</DamageAbsorbed>
          </Stats>
          <Duration>0</Duration>
          <Cooldown>300</Cooldown>
          <Chance>1</Chance>
          <MaxStack>1</MaxStack>
          <LimitedToExecutePhase>false</LimitedToExecutePhase>
        </SpecialEffect>
        <SpecialEffect>
          <Trigger>Use</Trigger>
          <Stats>
            <CritChanceReduction>-100</CritChanceReduction>
          </Stats>
          <Duration>10</Duration>
          <Cooldown>300</Cooldown>
          <Chance>0.1</Chance>
          <MaxStack>1</MaxStack>
          <LimitedToExecutePhase>false</LimitedToExecutePhase>
        </SpecialEffect>
      </SpecialEffects>
      <SpecialEffectCount>2</SpecialEffectCount>
    </Stats>
    <IconSource>inv_boots_plate_13</IconSource>
  </Tinkering>
  <Tinkering>
    <Id>3601</Id>
    <Name>Frag Belt</Name>
    <Slot>Waist</Slot>
    <Stats>
      <SpecialEffects>
        <SpecialEffect>
          <Trigger>Use</Trigger>
          <Stats>
            <FireDamage>875</FireDamage>
          </Stats>
          <Duration>0</Duration>
          <Cooldown>360</Cooldown>
          <Chance>1</Chance>
          <MaxStack>1</MaxStack>
          <LimitedToExecutePhase>false</LimitedToExecutePhase>
        </SpecialEffect>
      </SpecialEffects>
      <SpecialEffectCount>1</SpecialEffectCount>
    </Stats>
    <IconSource>spell_fire_selfdestruct</IconSource>
  </Tinkering>
  <Tinkering>
    <Id>8180</Id>
    <Name>Quickflip Deflection Plates</Name>
    <Slot>Hands</Slot>
    <Stats>
      <SpecialEffects>
        <SpecialEffect>
          <Trigger>Use</Trigger>
          <Stats>
            <BonusArmor>1500</BonusArmor>
          </Stats>
          <Duration>12</Duration>
          <Cooldown>60</Cooldown>
          <Chance>1</Chance>
          <MaxStack>1</MaxStack>
          <LimitedToExecutePhase>false</LimitedToExecutePhase>
        </SpecialEffect>
      </SpecialEffects>
      <SpecialEffectCount>1</SpecialEffectCount>
    </Stats>
    <IconSource>trade_engineering</IconSource>
  </Tinkering>
  <Tinkering>
    <Id>3860</Id>
    <Name>Reticulated Armor Webbing</Name>
    <Slot>Hands</Slot>
    <Stats>
      <SpecialEffects>
        <SpecialEffect>
          <Trigger>Use</Trigger>
          <Stats>
            <BonusArmor>700</BonusArmor>
          </Stats>
          <Duration>14</Duration>
          <Cooldown>60</Cooldown>
          <Chance>1</Chance>
          <MaxStack>1</MaxStack>
          <LimitedToExecutePhase>false</LimitedToExecutePhase>
        </SpecialEffect>
      </SpecialEffects>
      <SpecialEffectCount>1</SpecialEffectCount>
    </Stats>
    <IconSource>trade_engineering</IconSource>
  </Tinkering>
  <Tinkering>
    <Id>3604</Id>
    <Name>Hyperspeed Accelerators</Name>
    <Slot>Hands</Slot>
    <Stats>
      <SpecialEffects>
        <SpecialEffect>
          <Trigger>Use</Trigger>
          <Stats>
            <HasteRating>240</HasteRating>
          </Stats>
          <Duration>12</Duration>
          <Cooldown>60</Cooldown>
          <Chance>1</Chance>
          <MaxStack>1</MaxStack>
          <LimitedToExecutePhase>false</LimitedToExecutePhase>
        </SpecialEffect>
      </SpecialEffects>
      <SpecialEffectCount>1</SpecialEffectCount>
    </Stats>
    <IconSource>trade_engineering</IconSource>
  </Tinkering>
  <Tinkering>
    <Id>3603</Id>
    <Name>Hand-Mounted Pyro Rocket</Name>
    <Slot>Hands</Slot>
    <Stats>
      <SpecialEffects>
        <SpecialEffect>
          <Trigger>Use</Trigger>
          <Stats>
            <FireDamage>1837</FireDamage>
          </Stats>
          <Duration>0</Duration>
          <Cooldown>45</Cooldown>
          <Chance>1</Chance>
          <MaxStack>1</MaxStack>
          <LimitedToExecutePhase>false</LimitedToExecutePhase>
        </SpecialEffect>
      </SpecialEffects>
      <SpecialEffectCount>1</SpecialEffectCount>
    </Stats>
    <IconSource>trade_engineering</IconSource>
  </Tinkering>
  <Tinkering>
    <Id>4223</Id>
    <Name>Nitro Boosts</Name>
    <Slot>Waist</Slot>
    <Stats>
      <SpecialEffects>
        <SpecialEffect>
          <Trigger>Use</Trigger>
          <Stats>
            <MovementSpeed>1.5</MovementSpeed>
          </Stats>
          <Duration>5</Duration>
          <Cooldown>180</Cooldown>
          <Chance>1</Chance>
          <MaxStack>1</MaxStack>
          <LimitedToExecutePhase>false</LimitedToExecutePhase>
        </SpecialEffect>
      </SpecialEffects>
      <SpecialEffectCount>1</SpecialEffectCount>
    </Stats>
    <IconSource>spell_fire_burningspeed</IconSource>
  </Tinkering>
</ArrayOfTinkering>