﻿<?xml version="1.0" encoding="utf-8"?>
<ArrayOfGemmingTemplate xmlns:xsi="http://www.w3.org/2001/XMLSchema-instance" xmlns:xsd="http://www.w3.org/2001/XMLSchema">
  <GemmingTemplate>
    <Model>Cat</Model>
    <Enabled>false</Enabled>
    <Group>Uncommon</Group>
    <RedId>39905</RedId>
    <YellowId>39905</YellowId>
    <BlueId>39905</BlueId>
    <MetaId>41398</MetaId>
    <PrismaticId>39905</PrismaticId>
  </GemmingTemplate>
  <GemmingTemplate>
    <Model>Cat</Model>
    <Enabled>false</Enabled>
    <Group>Uncommon</Group>
    <RedId>39905</RedId>
    <YellowId>39952</YellowId>
    <BlueId>39935</BlueId>
    <MetaId>41398</MetaId>
    <PrismaticId>39905</PrismaticId>
  </GemmingTemplate>
  <GemmingTemplate>
    <Model>Cat</Model>
    <Enabled>false</Enabled>
    <Group>Rare</Group>
    <RedId>39997</RedId>
    <YellowId>39997</YellowId>
    <BlueId>39997</BlueId>
    <MetaId>41398</MetaId>
    <PrismaticId>39997</PrismaticId>
  </GemmingTemplate>
  <GemmingTemplate>
    <Model>Cat</Model>
    <Enabled>false</Enabled>
    <Group>Rare</Group>
    <RedId>39997</RedId>
    <YellowId>40043</YellowId>
    <BlueId>40023</BlueId>
    <MetaId>41398</MetaId>
    <PrismaticId>39997</PrismaticId>
  </GemmingTemplate>
  <GemmingTemplate>
    <Model>Cat</Model>
    <Enabled>true</Enabled>
    <Group>Epic</Group>
    <RedId>40112</RedId>
    <YellowId>40112</YellowId>
    <BlueId>40112</BlueId>
    <MetaId>41398</MetaId>
    <PrismaticId>40112</PrismaticId>
  </GemmingTemplate>
  <GemmingTemplate>
    <Model>Cat</Model>
    <Enabled>true</Enabled>
    <Group>Epic</Group>
    <RedId>40112</RedId>
    <YellowId>40147</YellowId>
    <BlueId>40130</BlueId>
    <MetaId>41398</MetaId>
    <PrismaticId>40112</PrismaticId>
  </GemmingTemplate>
  <GemmingTemplate>
    <Model>Cat</Model>
    <Enabled>false</Enabled>
    <Group>Jeweler</Group>
    <RedId>42143</RedId>
    <YellowId>42143</YellowId>
    <BlueId>42143</BlueId>
    <MetaId>41398</MetaId>
    <PrismaticId>42143</PrismaticId>
  </GemmingTemplate>
  <GemmingTemplate>
    <Model>Cat</Model>
    <Enabled>false</Enabled>
    <Group>Jeweler</Group>
    <RedId>40112</RedId>
    <YellowId>42143</YellowId>
    <BlueId>42143</BlueId>
    <MetaId>41398</MetaId>
    <PrismaticId>40112</PrismaticId>
  </GemmingTemplate>
  <GemmingTemplate>
    <Model>Bear</Model>
    <Enabled>false</Enabled>
    <Group>Uncommon</Group>
    <RedId>39905</RedId>
    <YellowId>39905</YellowId>
    <BlueId>39905</BlueId>
    <MetaId>41380</MetaId>
    <PrismaticId>39905</PrismaticId>
  </GemmingTemplate>
  <GemmingTemplate>
    <Model>Bear</Model>
    <Enabled>false</Enabled>
    <Group>Uncommon</Group>
    <RedId>39905</RedId>
    <YellowId>39964</YellowId>
    <BlueId>39935</BlueId>
    <MetaId>41380</MetaId>
    <PrismaticId>39905</PrismaticId>
  </GemmingTemplate>
  <GemmingTemplate>
    <Model>Bear</Model>
    <Enabled>false</Enabled>
    <Group>Uncommon</Group>
    <RedId>39905</RedId>
    <YellowId>39953</YellowId>
    <BlueId>39935</BlueId>
    <MetaId>41380</MetaId>
    <PrismaticId>39905</PrismaticId>
  </GemmingTemplate>
  <GemmingTemplate>
    <Model>Bear</Model>
    <Enabled>false</Enabled>
    <Group>Uncommon</Group>
    <RedId>39935</RedId>
    <YellowId>39976</YellowId>
    <BlueId>39919</BlueId>
    <MetaId>41380</MetaId>
    <PrismaticId>39919</PrismaticId>
  </GemmingTemplate>
  <GemmingTemplate>
    <Model>Bear</Model>
    <Enabled>false</Enabled>
    <Group>Uncommon</Group>
    <RedId>39919</RedId>
    <YellowId>39919</YellowId>
    <BlueId>39919</BlueId>
    <MetaId>41380</MetaId>
    <PrismaticId>39919</PrismaticId>
  </GemmingTemplate>
  <GemmingTemplate>
    <Model>Bear</Model>
    <Enabled>false</Enabled>
    <Group>Rare</Group>
    <RedId>39997</RedId>
    <YellowId>39997</YellowId>
    <BlueId>39997</BlueId>
    <MetaId>41380</MetaId>
    <PrismaticId>39997</PrismaticId>
  </GemmingTemplate>
  <GemmingTemplate>
    <Model>Bear</Model>
    <Enabled>false</Enabled>
    <Group>Rare</Group>
    <RedId>39997</RedId>
    <YellowId>40056</YellowId>
    <BlueId>40023</BlueId>
    <MetaId>41380</MetaId>
    <PrismaticId>39997</PrismaticId>
  </GemmingTemplate>
  <GemmingTemplate>
    <Model>Bear</Model>
    <Enabled>false</Enabled>
    <Group>Rare</Group>
    <RedId>39997</RedId>
    <YellowId>40044</YellowId>
    <BlueId>40023</BlueId>
    <MetaId>41380</MetaId>
    <PrismaticId>39997</PrismaticId>
  </GemmingTemplate>
  <GemmingTemplate>
    <Model>Bear</Model>
    <Enabled>false</Enabled>
    <Group>Rare</Group>
    <RedId>40023</RedId>
    <YellowId>40089</YellowId>
    <BlueId>40008</BlueId>
    <MetaId>41380</MetaId>
    <PrismaticId>40008</PrismaticId>
  </GemmingTemplate>
  <GemmingTemplate>
    <Model>Bear</Model>
    <Enabled>false</Enabled>
    <Group>Rare</Group>
    <RedId>40008</RedId>
    <YellowId>40008</YellowId>
    <BlueId>40008</BlueId>
    <MetaId>41380</MetaId>
    <PrismaticId>40008</PrismaticId>
  </GemmingTemplate>
  <GemmingTemplate>
    <Model>Bear</Model>
    <Enabled>true</Enabled>
    <Group>Epic</Group>
    <RedId>40112</RedId>
    <YellowId>40112</YellowId>
    <BlueId>40112</BlueId>
    <MetaId>41380</MetaId>
    <PrismaticId>40112</PrismaticId>
  </GemmingTemplate>
  <GemmingTemplate>
    <Model>Bear</Model>
    <Enabled>true</Enabled>
    <Group>Epic</Group>
    <RedId>40112</RedId>
    <YellowId>40160</YellowId>
    <BlueId>40130</BlueId>
    <MetaId>41380</MetaId>
    <PrismaticId>40112</PrismaticId>
  </GemmingTemplate>
  <GemmingTemplate>
    <Model>Bear</Model>
    <Enabled>true</Enabled>
    <Group>Epic</Group>
    <RedId>40112</RedId>
    <YellowId>40148</YellowId>
    <BlueId>40130</BlueId>
    <MetaId>41380</MetaId>
    <PrismaticId>40112</PrismaticId>
  </GemmingTemplate>
  <GemmingTemplate>
    <Model>Bear</Model>
    <Enabled>true</Enabled>
    <Group>Epic</Group>
    <RedId>40130</RedId>
    <YellowId>40167</YellowId>
    <BlueId>40119</BlueId>
    <MetaId>41380</MetaId>
    <PrismaticId>40119</PrismaticId>
  </GemmingTemplate>
  <GemmingTemplate>
    <Model>Bear</Model>
    <Enabled>true</Enabled>
    <Group>Epic</Group>
    <RedId>40119</RedId>
    <YellowId>40119</YellowId>
    <BlueId>40119</BlueId>
    <MetaId>41380</MetaId>
    <PrismaticId>40119</PrismaticId>
  </GemmingTemplate>
  <GemmingTemplate>
    <Model>Bear</Model>
    <Enabled>false</Enabled>
    <Group>Jeweler</Group>
    <RedId>42143</RedId>
    <YellowId>42143</YellowId>
    <BlueId>42143</BlueId>
    <MetaId>41380</MetaId>
    <PrismaticId>42143</PrismaticId>
  </GemmingTemplate>
  <GemmingTemplate>
    <Model>Bear</Model>
    <Enabled>false</Enabled>
    <Group>Jeweler</Group>
    <RedId>40112</RedId>
    <YellowId>42143</YellowId>
    <BlueId>42143</BlueId>
    <MetaId>41380</MetaId>
    <PrismaticId>40112</PrismaticId>
  </GemmingTemplate>
  <GemmingTemplate>
    <Model>Bear</Model>
    <Enabled>false</Enabled>
    <Group>Jeweler</Group>
    <RedId>36767</RedId>
    <YellowId>36767</YellowId>
    <BlueId>40119</BlueId>
    <MetaId>41380</MetaId>
    <PrismaticId>40119</PrismaticId>
  </GemmingTemplate>
  <GemmingTemplate>
    <Model>Bear</Model>
    <Enabled>false</Enabled>
    <Group>Jeweler</Group>
    <RedId>36767</RedId>
    <YellowId>36767</YellowId>
    <BlueId>36767</BlueId>
    <MetaId>41380</MetaId>
    <PrismaticId>36767</PrismaticId>
  </GemmingTemplate>
  <GemmingTemplate>
    <Model>Mage</Model>
    <Enabled>false</Enabled>
    <Group>Uncommon (Purified)</Group>
    <RedId>39911</RedId>
    <YellowId>39911</YellowId>
    <BlueId>39911</BlueId>
    <MetaId>41285</MetaId>
    <PrismaticId>39911</PrismaticId>
  </GemmingTemplate>
  <GemmingTemplate>
    <Model>Mage</Model>
    <Enabled>false</Enabled>
    <Group>Uncommon (Purified)</Group>
    <RedId>39911</RedId>
    <YellowId>39957</YellowId>
    <BlueId>39941</BlueId>
    <MetaId>41285</MetaId>
    <PrismaticId>39911</PrismaticId>
  </GemmingTemplate>
  <GemmingTemplate>
    <Model>Mage</Model>
    <Enabled>false</Enabled>
    <Group>Uncommon (Purified)</Group>
    <RedId>39911</RedId>
    <YellowId>39956</YellowId>
    <BlueId>39941</BlueId>
    <MetaId>41285</MetaId>
    <PrismaticId>39911</PrismaticId>
  </GemmingTemplate>
  <GemmingTemplate>
    <Model>Mage</Model>
    <Enabled>false</Enabled>
    <Group>Uncommon (Purified)</Group>
    <RedId>39911</RedId>
    <YellowId>39959</YellowId>
    <BlueId>39941</BlueId>
    <MetaId>41285</MetaId>
    <PrismaticId>39911</PrismaticId>
  </GemmingTemplate>
  <GemmingTemplate>
    <Model>Mage</Model>
    <Enabled>false</Enabled>
    <Group>Uncommon (Purified)</Group>
    <RedId>39911</RedId>
    <YellowId>39946</YellowId>
    <BlueId>39941</BlueId>
    <MetaId>41285</MetaId>
    <PrismaticId>39911</PrismaticId>
  </GemmingTemplate>
  <GemmingTemplate>
    <Model>Mage</Model>
    <Enabled>false</Enabled>
    <Group>Uncommon (Royal)</Group>
    <RedId>39911</RedId>
    <YellowId>39911</YellowId>
    <BlueId>39911</BlueId>
    <MetaId>41285</MetaId>
    <PrismaticId>39911</PrismaticId>
  </GemmingTemplate>
  <GemmingTemplate>
    <Model>Mage</Model>
    <Enabled>false</Enabled>
    <Group>Uncommon (Royal)</Group>
    <RedId>39911</RedId>
    <YellowId>39957</YellowId>
    <BlueId>39943</BlueId>
    <MetaId>41285</MetaId>
    <PrismaticId>39911</PrismaticId>
  </GemmingTemplate>
  <GemmingTemplate>
    <Model>Mage</Model>
    <Enabled>false</Enabled>
    <Group>Uncommon (Royal)</Group>
    <RedId>39911</RedId>
    <YellowId>39956</YellowId>
    <BlueId>39943</BlueId>
    <MetaId>41285</MetaId>
    <PrismaticId>39911</PrismaticId>
  </GemmingTemplate>
  <GemmingTemplate>
    <Model>Mage</Model>
    <Enabled>false</Enabled>
    <Group>Uncommon (Royal)</Group>
    <RedId>39911</RedId>
    <YellowId>39959</YellowId>
    <BlueId>39943</BlueId>
    <MetaId>41285</MetaId>
    <PrismaticId>39911</PrismaticId>
  </GemmingTemplate>
  <GemmingTemplate>
    <Model>Mage</Model>
    <Enabled>false</Enabled>
    <Group>Uncommon (Royal)</Group>
    <RedId>39911</RedId>
    <YellowId>39946</YellowId>
    <BlueId>39943</BlueId>
    <MetaId>41285</MetaId>
    <PrismaticId>39911</PrismaticId>
  </GemmingTemplate>
  <GemmingTemplate>
    <Model>Mage</Model>
    <Enabled>false</Enabled>
    <Group>Uncommon (Glowing)</Group>
    <RedId>39911</RedId>
    <YellowId>39911</YellowId>
    <BlueId>39911</BlueId>
    <MetaId>41285</MetaId>
    <PrismaticId>39911</PrismaticId>
  </GemmingTemplate>
  <GemmingTemplate>
    <Model>Mage</Model>
    <Enabled>false</Enabled>
    <Group>Uncommon (Glowing)</Group>
    <RedId>39911</RedId>
    <YellowId>39957</YellowId>
    <BlueId>39936</BlueId>
    <MetaId>41285</MetaId>
    <PrismaticId>39911</PrismaticId>
  </GemmingTemplate>
  <GemmingTemplate>
    <Model>Mage</Model>
    <Enabled>false</Enabled>
    <Group>Uncommon (Glowing)</Group>
    <RedId>39911</RedId>
    <YellowId>39956</YellowId>
    <BlueId>39936</BlueId>
    <MetaId>41285</MetaId>
    <PrismaticId>39911</PrismaticId>
  </GemmingTemplate>
  <GemmingTemplate>
    <Model>Mage</Model>
    <Enabled>false</Enabled>
    <Group>Uncommon (Glowing)</Group>
    <RedId>39911</RedId>
    <YellowId>39959</YellowId>
    <BlueId>39936</BlueId>
    <MetaId>41285</MetaId>
    <PrismaticId>39911</PrismaticId>
  </GemmingTemplate>
  <GemmingTemplate>
    <Model>Mage</Model>
    <Enabled>false</Enabled>
    <Group>Uncommon (Glowing)</Group>
    <RedId>39911</RedId>
    <YellowId>39946</YellowId>
    <BlueId>39936</BlueId>
    <MetaId>41285</MetaId>
    <PrismaticId>39911</PrismaticId>
  </GemmingTemplate>
  <GemmingTemplate>
    <Model>Mage</Model>
    <Enabled>false</Enabled>
    <Group>Uncommon (Jewelcrafting)</Group>
    <RedId>42144</RedId>
    <YellowId>42144</YellowId>
    <BlueId>42144</BlueId>
    <MetaId>41285</MetaId>
    <PrismaticId>42144</PrismaticId>
  </GemmingTemplate>
  <GemmingTemplate>
    <Model>Mage</Model>
    <Enabled>false</Enabled>
    <Group>Uncommon (Jewelcrafting)</Group>
    <RedId>42144</RedId>
    <YellowId>39957</YellowId>
    <BlueId>39941</BlueId>
    <MetaId>41285</MetaId>
    <PrismaticId>42144</PrismaticId>
  </GemmingTemplate>
  <GemmingTemplate>
    <Model>Mage</Model>
    <Enabled>false</Enabled>
    <Group>Uncommon (Jewelcrafting)</Group>
    <RedId>42144</RedId>
    <YellowId>39956</YellowId>
    <BlueId>39941</BlueId>
    <MetaId>41285</MetaId>
    <PrismaticId>42144</PrismaticId>
  </GemmingTemplate>
  <GemmingTemplate>
    <Model>Mage</Model>
    <Enabled>false</Enabled>
    <Group>Uncommon (Jewelcrafting)</Group>
    <RedId>42144</RedId>
    <YellowId>39959</YellowId>
    <BlueId>39941</BlueId>
    <MetaId>41285</MetaId>
    <PrismaticId>42144</PrismaticId>
  </GemmingTemplate>
  <GemmingTemplate>
    <Model>Mage</Model>
    <Enabled>false</Enabled>
    <Group>Uncommon (Jewelcrafting)</Group>
    <RedId>42144</RedId>
    <YellowId>39946</YellowId>
    <BlueId>39941</BlueId>
    <MetaId>41285</MetaId>
    <PrismaticId>42144</PrismaticId>
  </GemmingTemplate>
  <GemmingTemplate>
    <Model>Mage</Model>
    <Enabled>false</Enabled>
    <Group>Rare (Purified)</Group>
    <RedId>39998</RedId>
    <YellowId>39998</YellowId>
    <BlueId>39998</BlueId>
    <MetaId>41285</MetaId>
    <PrismaticId>39998</PrismaticId>
  </GemmingTemplate>
  <GemmingTemplate>
    <Model>Mage</Model>
    <Enabled>false</Enabled>
    <Group>Rare (Purified)</Group>
    <RedId>39998</RedId>
    <YellowId>40049</YellowId>
    <BlueId>40026</BlueId>
    <MetaId>41285</MetaId>
    <PrismaticId>39998</PrismaticId>
  </GemmingTemplate>
  <GemmingTemplate>
    <Model>Mage</Model>
    <Enabled>false</Enabled>
    <Group>Rare (Purified)</Group>
    <RedId>39998</RedId>
    <YellowId>40048</YellowId>
    <BlueId>40026</BlueId>
    <MetaId>41285</MetaId>
    <PrismaticId>39998</PrismaticId>
  </GemmingTemplate>
  <GemmingTemplate>
    <Model>Mage</Model>
    <Enabled>false</Enabled>
    <Group>Rare (Purified)</Group>
    <RedId>39998</RedId>
    <YellowId>40051</YellowId>
    <BlueId>40026</BlueId>
    <MetaId>41285</MetaId>
    <PrismaticId>39998</PrismaticId>
  </GemmingTemplate>
  <GemmingTemplate>
    <Model>Mage</Model>
    <Enabled>false</Enabled>
    <Group>Rare (Purified)</Group>
    <RedId>39998</RedId>
    <YellowId>40047</YellowId>
    <BlueId>40026</BlueId>
    <MetaId>41285</MetaId>
    <PrismaticId>39998</PrismaticId>
  </GemmingTemplate>
  <GemmingTemplate>
    <Model>Mage</Model>
    <Enabled>false</Enabled>
    <Group>Rare (Royal)</Group>
    <RedId>39998</RedId>
    <YellowId>39998</YellowId>
    <BlueId>39998</BlueId>
    <MetaId>41285</MetaId>
    <PrismaticId>39998</PrismaticId>
  </GemmingTemplate>
  <GemmingTemplate>
    <Model>Mage</Model>
    <Enabled>false</Enabled>
    <Group>Rare (Royal)</Group>
    <RedId>39998</RedId>
    <YellowId>40049</YellowId>
    <BlueId>40027</BlueId>
    <MetaId>41285</MetaId>
    <PrismaticId>39998</PrismaticId>
  </GemmingTemplate>
  <GemmingTemplate>
    <Model>Mage</Model>
    <Enabled>false</Enabled>
    <Group>Rare (Royal)</Group>
    <RedId>39998</RedId>
    <YellowId>40048</YellowId>
    <BlueId>40027</BlueId>
    <MetaId>41285</MetaId>
    <PrismaticId>39998</PrismaticId>
  </GemmingTemplate>
  <GemmingTemplate>
    <Model>Mage</Model>
    <Enabled>false</Enabled>
    <Group>Rare (Royal)</Group>
    <RedId>39998</RedId>
    <YellowId>40051</YellowId>
    <BlueId>40027</BlueId>
    <MetaId>41285</MetaId>
    <PrismaticId>39998</PrismaticId>
  </GemmingTemplate>
  <GemmingTemplate>
    <Model>Mage</Model>
    <Enabled>false</Enabled>
    <Group>Rare (Royal)</Group>
    <RedId>39998</RedId>
    <YellowId>40047</YellowId>
    <BlueId>40027</BlueId>
    <MetaId>41285</MetaId>
    <PrismaticId>39998</PrismaticId>
  </GemmingTemplate>
  <GemmingTemplate>
    <Model>Mage</Model>
    <Enabled>false</Enabled>
    <Group>Rare (Glowing)</Group>
    <RedId>39998</RedId>
    <YellowId>39998</YellowId>
    <BlueId>39998</BlueId>
    <MetaId>41285</MetaId>
    <PrismaticId>39998</PrismaticId>
  </GemmingTemplate>
  <GemmingTemplate>
    <Model>Mage</Model>
    <Enabled>false</Enabled>
    <Group>Rare (Glowing)</Group>
    <RedId>39998</RedId>
    <YellowId>40049</YellowId>
    <BlueId>40025</BlueId>
    <MetaId>41285</MetaId>
    <PrismaticId>39998</PrismaticId>
  </GemmingTemplate>
  <GemmingTemplate>
    <Model>Mage</Model>
    <Enabled>false</Enabled>
    <Group>Rare (Glowing)</Group>
    <RedId>39998</RedId>
    <YellowId>40048</YellowId>
    <BlueId>40025</BlueId>
    <MetaId>41285</MetaId>
    <PrismaticId>39998</PrismaticId>
  </GemmingTemplate>
  <GemmingTemplate>
    <Model>Mage</Model>
    <Enabled>false</Enabled>
    <Group>Rare (Glowing)</Group>
    <RedId>39998</RedId>
    <YellowId>40051</YellowId>
    <BlueId>40025</BlueId>
    <MetaId>41285</MetaId>
    <PrismaticId>39998</PrismaticId>
  </GemmingTemplate>
  <GemmingTemplate>
    <Model>Mage</Model>
    <Enabled>false</Enabled>
    <Group>Rare (Glowing)</Group>
    <RedId>39998</RedId>
    <YellowId>40047</YellowId>
    <BlueId>40025</BlueId>
    <MetaId>41285</MetaId>
    <PrismaticId>39998</PrismaticId>
  </GemmingTemplate>
  <GemmingTemplate>
    <Model>Mage</Model>
    <Enabled>false</Enabled>
    <Group>Rare (Jewelcrafting)</Group>
    <RedId>42144</RedId>
    <YellowId>42144</YellowId>
    <BlueId>42144</BlueId>
    <MetaId>41285</MetaId>
    <PrismaticId>42144</PrismaticId>
  </GemmingTemplate>
  <GemmingTemplate>
    <Model>Mage</Model>
    <Enabled>false</Enabled>
    <Group>Rare (Jewelcrafting)</Group>
    <RedId>42144</RedId>
    <YellowId>40049</YellowId>
    <BlueId>40026</BlueId>
    <MetaId>41285</MetaId>
    <PrismaticId>42144</PrismaticId>
  </GemmingTemplate>
  <GemmingTemplate>
    <Model>Mage</Model>
    <Enabled>false</Enabled>
    <Group>Rare (Jewelcrafting)</Group>
    <RedId>42144</RedId>
    <YellowId>40048</YellowId>
    <BlueId>40026</BlueId>
    <MetaId>41285</MetaId>
    <PrismaticId>42144</PrismaticId>
  </GemmingTemplate>
  <GemmingTemplate>
    <Model>Mage</Model>
    <Enabled>false</Enabled>
    <Group>Rare (Jewelcrafting)</Group>
    <RedId>42144</RedId>
    <YellowId>40051</YellowId>
    <BlueId>40026</BlueId>
    <MetaId>41285</MetaId>
    <PrismaticId>42144</PrismaticId>
  </GemmingTemplate>
  <GemmingTemplate>
    <Model>Mage</Model>
    <Enabled>false</Enabled>
    <Group>Rare (Jewelcrafting)</Group>
    <RedId>42144</RedId>
    <YellowId>40047</YellowId>
    <BlueId>40026</BlueId>
    <MetaId>41285</MetaId>
    <PrismaticId>42144</PrismaticId>
  </GemmingTemplate>
  <GemmingTemplate>
    <Model>Mage</Model>
    <Enabled>true</Enabled>
    <Group>Epic (Purified)</Group>
    <RedId>40113</RedId>
    <YellowId>40113</YellowId>
    <BlueId>40113</BlueId>
    <MetaId>41285</MetaId>
    <PrismaticId>40113</PrismaticId>
  </GemmingTemplate>
  <GemmingTemplate>
    <Model>Mage</Model>
    <Enabled>true</Enabled>
    <Group>Epic (Purified)</Group>
    <RedId>40113</RedId>
    <YellowId>40153</YellowId>
    <BlueId>40133</BlueId>
    <MetaId>41285</MetaId>
    <PrismaticId>40113</PrismaticId>
  </GemmingTemplate>
  <GemmingTemplate>
    <Model>Mage</Model>
    <Enabled>true</Enabled>
    <Group>Epic (Purified)</Group>
    <RedId>40113</RedId>
    <YellowId>40152</YellowId>
    <BlueId>40133</BlueId>
    <MetaId>41285</MetaId>
    <PrismaticId>40113</PrismaticId>
  </GemmingTemplate>
  <GemmingTemplate>
    <Model>Mage</Model>
    <Enabled>true</Enabled>
    <Group>Epic (Purified)</Group>
    <RedId>40113</RedId>
    <YellowId>40155</YellowId>
    <BlueId>40133</BlueId>
    <MetaId>41285</MetaId>
    <PrismaticId>40113</PrismaticId>
  </GemmingTemplate>
  <GemmingTemplate>
    <Model>Mage</Model>
    <Enabled>true</Enabled>
    <Group>Epic (Purified)</Group>
    <RedId>40113</RedId>
    <YellowId>40151</YellowId>
    <BlueId>40133</BlueId>
    <MetaId>41285</MetaId>
    <PrismaticId>40113</PrismaticId>
  </GemmingTemplate>
  <GemmingTemplate>
    <Model>Mage</Model>
    <Enabled>false</Enabled>
    <Group>Epic (Royal)</Group>
    <RedId>40113</RedId>
    <YellowId>40113</YellowId>
    <BlueId>40113</BlueId>
    <MetaId>41285</MetaId>
    <PrismaticId>40113</PrismaticId>
  </GemmingTemplate>
  <GemmingTemplate>
    <Model>Mage</Model>
    <Enabled>false</Enabled>
    <Group>Epic (Royal)</Group>
    <RedId>40113</RedId>
    <YellowId>40153</YellowId>
    <BlueId>40134</BlueId>
    <MetaId>41285</MetaId>
    <PrismaticId>40113</PrismaticId>
  </GemmingTemplate>
  <GemmingTemplate>
    <Model>Mage</Model>
    <Enabled>false</Enabled>
    <Group>Epic (Royal)</Group>
    <RedId>40113</RedId>
    <YellowId>40152</YellowId>
    <BlueId>40134</BlueId>
    <MetaId>41285</MetaId>
    <PrismaticId>40113</PrismaticId>
  </GemmingTemplate>
  <GemmingTemplate>
    <Model>Mage</Model>
    <Enabled>false</Enabled>
    <Group>Epic (Royal)</Group>
    <RedId>40113</RedId>
    <YellowId>40155</YellowId>
    <BlueId>40134</BlueId>
    <MetaId>41285</MetaId>
    <PrismaticId>40113</PrismaticId>
  </GemmingTemplate>
  <GemmingTemplate>
    <Model>Mage</Model>
    <Enabled>false</Enabled>
    <Group>Epic (Royal)</Group>
    <RedId>40113</RedId>
    <YellowId>40151</YellowId>
    <BlueId>40134</BlueId>
    <MetaId>41285</MetaId>
    <PrismaticId>40113</PrismaticId>
  </GemmingTemplate>
  <GemmingTemplate>
    <Model>Mage</Model>
    <Enabled>false</Enabled>
    <Group>Epic (Glowing)</Group>
    <RedId>40113</RedId>
    <YellowId>40113</YellowId>
    <BlueId>40113</BlueId>
    <MetaId>41285</MetaId>
    <PrismaticId>40113</PrismaticId>
  </GemmingTemplate>
  <GemmingTemplate>
    <Model>Mage</Model>
    <Enabled>false</Enabled>
    <Group>Epic (Glowing)</Group>
    <RedId>40113</RedId>
    <YellowId>40153</YellowId>
    <BlueId>40132</BlueId>
    <MetaId>41285</MetaId>
    <PrismaticId>40113</PrismaticId>
  </GemmingTemplate>
  <GemmingTemplate>
    <Model>Mage</Model>
    <Enabled>false</Enabled>
    <Group>Epic (Glowing)</Group>
    <RedId>40113</RedId>
    <YellowId>40152</YellowId>
    <BlueId>40132</BlueId>
    <MetaId>41285</MetaId>
    <PrismaticId>40113</PrismaticId>
  </GemmingTemplate>
  <GemmingTemplate>
    <Model>Mage</Model>
    <Enabled>false</Enabled>
    <Group>Epic (Glowing)</Group>
    <RedId>40113</RedId>
    <YellowId>40155</YellowId>
    <BlueId>40132</BlueId>
    <MetaId>41285</MetaId>
    <PrismaticId>40113</PrismaticId>
  </GemmingTemplate>
  <GemmingTemplate>
    <Model>Mage</Model>
    <Enabled>false</Enabled>
    <Group>Epic (Glowing)</Group>
    <RedId>40113</RedId>
    <YellowId>40151</YellowId>
    <BlueId>40132</BlueId>
    <MetaId>41285</MetaId>
    <PrismaticId>40113</PrismaticId>
  </GemmingTemplate>
  <GemmingTemplate>
    <Model>Mage</Model>
    <Enabled>false</Enabled>
    <Group>Epic (Jewelcrafting)</Group>
    <RedId>42144</RedId>
    <YellowId>42144</YellowId>
    <BlueId>42144</BlueId>
    <MetaId>41285</MetaId>
    <PrismaticId>42144</PrismaticId>
  </GemmingTemplate>
  <GemmingTemplate>
    <Model>Mage</Model>
    <Enabled>false</Enabled>
    <Group>Epic (Jewelcrafting)</Group>
    <RedId>42144</RedId>
    <YellowId>40153</YellowId>
    <BlueId>40133</BlueId>
    <MetaId>41285</MetaId>
    <PrismaticId>42144</PrismaticId>
  </GemmingTemplate>
  <GemmingTemplate>
    <Model>Mage</Model>
    <Enabled>false</Enabled>
    <Group>Epic (Jewelcrafting)</Group>
    <RedId>42144</RedId>
    <YellowId>40152</YellowId>
    <BlueId>40133</BlueId>
    <MetaId>41285</MetaId>
    <PrismaticId>42144</PrismaticId>
  </GemmingTemplate>
  <GemmingTemplate>
    <Model>Mage</Model>
    <Enabled>false</Enabled>
    <Group>Epic (Jewelcrafting)</Group>
    <RedId>42144</RedId>
    <YellowId>40155</YellowId>
    <BlueId>40133</BlueId>
    <MetaId>41285</MetaId>
    <PrismaticId>42144</PrismaticId>
  </GemmingTemplate>
  <GemmingTemplate>
    <Model>Mage</Model>
    <Enabled>false</Enabled>
    <Group>Epic (Jewelcrafting)</Group>
    <RedId>42144</RedId>
    <YellowId>40151</YellowId>
    <BlueId>40133</BlueId>
    <MetaId>41285</MetaId>
    <PrismaticId>42144</PrismaticId>
  </GemmingTemplate>
  <GemmingTemplate>
    <Model>DPSWarr</Model>
    <Enabled>false</Enabled>
    <Group>Uncommon</Group>
    <RedId>39900</RedId>
    <YellowId>39947</YellowId>
    <BlueId>39934</BlueId>
    <MetaId>41285</MetaId>
    <PrismaticId>39900</PrismaticId>
  </GemmingTemplate>
  <GemmingTemplate>
    <Model>DPSWarr</Model>
    <Enabled>false</Enabled>
    <Group>Uncommon</Group>
    <RedId>39900</RedId>
    <YellowId>39900</YellowId>
    <BlueId>39900</BlueId>
    <MetaId>41285</MetaId>
    <PrismaticId>39900</PrismaticId>
  </GemmingTemplate>
  <GemmingTemplate>
    <Model>DPSWarr</Model>
    <Enabled>false</Enabled>
    <Group>Uncommon</Group>
    <RedId>39900</RedId>
    <YellowId>39900</YellowId>
    <BlueId>39900</BlueId>
    <MetaId>41398</MetaId>
    <PrismaticId>39900</PrismaticId>
  </GemmingTemplate>
  <GemmingTemplate>
    <Model>DPSWarr</Model>
    <Enabled>false</Enabled>
    <Group>Uncommon</Group>
    <RedId>39909</RedId>
    <YellowId>39947</YellowId>
    <BlueId>39933</BlueId>
    <MetaId>41285</MetaId>
    <PrismaticId>39909</PrismaticId>
  </GemmingTemplate>
  <GemmingTemplate>
    <Model>DPSWarr</Model>
    <Enabled>false</Enabled>
    <Group>Uncommon</Group>
    <RedId>39909</RedId>
    <YellowId>39909</YellowId>
    <BlueId>39909</BlueId>
    <MetaId>41285</MetaId>
    <PrismaticId>39909</PrismaticId>
  </GemmingTemplate>
  <GemmingTemplate>
    <Model>DPSWarr</Model>
    <Enabled>false</Enabled>
    <Group>Uncommon</Group>
    <RedId>39909</RedId>
    <YellowId>39909</YellowId>
    <BlueId>39909</BlueId>
    <MetaId>41398</MetaId>
    <PrismaticId>39909</PrismaticId>
  </GemmingTemplate>
  <GemmingTemplate>
    <Model>DPSWarr</Model>
    <Enabled>false</Enabled>
    <Group>Rare</Group>
    <RedId>39996</RedId>
    <YellowId>40037</YellowId>
    <BlueId>40022</BlueId>
    <MetaId>41285</MetaId>
    <PrismaticId>39996</PrismaticId>
  </GemmingTemplate>
  <GemmingTemplate>
    <Model>DPSWarr</Model>
    <Enabled>false</Enabled>
    <Group>Rare</Group>
    <RedId>39996</RedId>
    <YellowId>39996</YellowId>
    <BlueId>39996</BlueId>
    <MetaId>41285</MetaId>
    <PrismaticId>39996</PrismaticId>
  </GemmingTemplate>
  <GemmingTemplate>
    <Model>DPSWarr</Model>
    <Enabled>false</Enabled>
    <Group>Rare</Group>
    <RedId>39996</RedId>
    <YellowId>39996</YellowId>
    <BlueId>39996</BlueId>
    <MetaId>41398</MetaId>
    <PrismaticId>39996</PrismaticId>
  </GemmingTemplate>
  <GemmingTemplate>
    <Model>DPSWarr</Model>
    <Enabled>false</Enabled>
    <Group>Rare</Group>
    <RedId>40002</RedId>
    <YellowId>40037</YellowId>
    <BlueId>40033</BlueId>
    <MetaId>41285</MetaId>
    <PrismaticId>40002</PrismaticId>
  </GemmingTemplate>
  <GemmingTemplate>
    <Model>DPSWarr</Model>
    <Enabled>false</Enabled>
    <Group>Rare</Group>
    <RedId>40002</RedId>
    <YellowId>40002</YellowId>
    <BlueId>40002</BlueId>
    <MetaId>41285</MetaId>
    <PrismaticId>40002</PrismaticId>
  </GemmingTemplate>
  <GemmingTemplate>
    <Model>DPSWarr</Model>
    <Enabled>false</Enabled>
    <Group>Rare</Group>
    <RedId>40002</RedId>
    <YellowId>40002</YellowId>
    <BlueId>40002</BlueId>
    <MetaId>41398</MetaId>
    <PrismaticId>40002</PrismaticId>
  </GemmingTemplate>
  <GemmingTemplate>
    <Model>DPSWarr</Model>
    <Enabled>true</Enabled>
    <Group>Epic</Group>
    <RedId>40111</RedId>
    <YellowId>40142</YellowId>
    <BlueId>40129</BlueId>
    <MetaId>41285</MetaId>
    <PrismaticId>40111</PrismaticId>
  </GemmingTemplate>
  <GemmingTemplate>
    <Model>DPSWarr</Model>
    <Enabled>true</Enabled>
    <Group>Epic</Group>
    <RedId>40111</RedId>
    <YellowId>40111</YellowId>
    <BlueId>40111</BlueId>
    <MetaId>41285</MetaId>
    <PrismaticId>40111</PrismaticId>
  </GemmingTemplate>
  <GemmingTemplate>
    <Model>DPSWarr</Model>
    <Enabled>true</Enabled>
    <Group>Epic</Group>
    <RedId>40111</RedId>
    <YellowId>40111</YellowId>
    <BlueId>40111</BlueId>
    <MetaId>41398</MetaId>
    <PrismaticId>40111</PrismaticId>
  </GemmingTemplate>
  <GemmingTemplate>
    <Model>DPSWarr</Model>
    <Enabled>true</Enabled>
    <Group>Epic</Group>
    <RedId>40117</RedId>
    <YellowId>40142</YellowId>
    <BlueId>40140</BlueId>
    <MetaId>41285</MetaId>
    <PrismaticId>40117</PrismaticId>
  </GemmingTemplate>
  <GemmingTemplate>
    <Model>DPSWarr</Model>
    <Enabled>true</Enabled>
    <Group>Epic</Group>
    <RedId>40117</RedId>
    <YellowId>40117</YellowId>
    <BlueId>40117</BlueId>
    <MetaId>41285</MetaId>
    <PrismaticId>40117</PrismaticId>
  </GemmingTemplate>
  <GemmingTemplate>
    <Model>DPSWarr</Model>
    <Enabled>true</Enabled>
    <Group>Epic</Group>
    <RedId>40117</RedId>
    <YellowId>40117</YellowId>
    <BlueId>40117</BlueId>
    <MetaId>41398</MetaId>
    <PrismaticId>40117</PrismaticId>
  </GemmingTemplate>
  <GemmingTemplate>
    <Model>DPSWarr</Model>
    <Enabled>false</Enabled>
    <Group>Jeweler</Group>
    <RedId>42142</RedId>
    <YellowId>40142</YellowId>
    <BlueId>40129</BlueId>
    <MetaId>41285</MetaId>
    <PrismaticId>42142</PrismaticId>
  </GemmingTemplate>
  <GemmingTemplate>
    <Model>DPSWarr</Model>
    <Enabled>false</Enabled>
    <Group>Jeweler</Group>
    <RedId>42142</RedId>
    <YellowId>42142</YellowId>
    <BlueId>42142</BlueId>
    <MetaId>41285</MetaId>
    <PrismaticId>42142</PrismaticId>
  </GemmingTemplate>
  <GemmingTemplate>
    <Model>DPSWarr</Model>
    <Enabled>false</Enabled>
    <Group>Jeweler</Group>
    <RedId>42142</RedId>
    <YellowId>42142</YellowId>
    <BlueId>42142</BlueId>
    <MetaId>41398</MetaId>
    <PrismaticId>42142</PrismaticId>
  </GemmingTemplate>
  <GemmingTemplate>
    <Model>DPSWarr</Model>
    <Enabled>false</Enabled>
    <Group>Jeweler</Group>
    <RedId>42153</RedId>
    <YellowId>40142</YellowId>
    <BlueId>40140</BlueId>
    <MetaId>41285</MetaId>
    <PrismaticId>42153</PrismaticId>
  </GemmingTemplate>
  <GemmingTemplate>
    <Model>DPSWarr</Model>
    <Enabled>false</Enabled>
    <Group>Jeweler</Group>
    <RedId>42153</RedId>
    <YellowId>42153</YellowId>
    <BlueId>42153</BlueId>
    <MetaId>41285</MetaId>
    <PrismaticId>42153</PrismaticId>
  </GemmingTemplate>
  <GemmingTemplate>
    <Model>DPSWarr</Model>
    <Enabled>false</Enabled>
    <Group>Jeweler</Group>
    <RedId>42153</RedId>
    <YellowId>42153</YellowId>
    <BlueId>42153</BlueId>
    <MetaId>41398</MetaId>
    <PrismaticId>42153</PrismaticId>
  </GemmingTemplate>
  <GemmingTemplate>
    <Model>DPSDK</Model>
    <Enabled>false</Enabled>
    <Group>Uncommon</Group>
    <RedId>39900</RedId>
    <YellowId>39900</YellowId>
    <BlueId>39900</BlueId>
    <MetaId>41285</MetaId>
    <PrismaticId>39900</PrismaticId>
  </GemmingTemplate>
  <GemmingTemplate>
    <Model>DPSDK</Model>
    <Enabled>false</Enabled>
    <Group>Uncommon</Group>
    <RedId>39900</RedId>
    <YellowId>39947</YellowId>
    <BlueId>39934</BlueId>
    <MetaId>41285</MetaId>
    <PrismaticId>39900</PrismaticId>
  </GemmingTemplate>
  <GemmingTemplate>
    <Model>DPSDK</Model>
    <Enabled>false</Enabled>
    <Group>Rare</Group>
    <RedId>39996</RedId>
    <YellowId>39996</YellowId>
    <BlueId>39996</BlueId>
    <MetaId>41285</MetaId>
    <PrismaticId>39996</PrismaticId>
  </GemmingTemplate>
  <GemmingTemplate>
    <Model>DPSDK</Model>
    <Enabled>false</Enabled>
    <Group>Rare</Group>
    <RedId>39996</RedId>
    <YellowId>40037</YellowId>
    <BlueId>40022</BlueId>
    <MetaId>41285</MetaId>
    <PrismaticId>39996</PrismaticId>
  </GemmingTemplate>
  <GemmingTemplate>
    <Model>DPSDK</Model>
    <Enabled>true</Enabled>
    <Group>Epic</Group>
    <RedId>40111</RedId>
    <YellowId>40111</YellowId>
    <BlueId>40111</BlueId>
    <MetaId>41285</MetaId>
    <PrismaticId>40111</PrismaticId>
  </GemmingTemplate>
  <GemmingTemplate>
    <Model>DPSDK</Model>
    <Enabled>true</Enabled>
    <Group>Epic</Group>
    <RedId>40111</RedId>
    <YellowId>40142</YellowId>
    <BlueId>40129</BlueId>
    <MetaId>41285</MetaId>
    <PrismaticId>40111</PrismaticId>
  </GemmingTemplate>
  <GemmingTemplate>
    <Model>DPSDK</Model>
    <Enabled>true</Enabled>
    <Group>Jeweler</Group>
    <RedId>42142</RedId>
    <YellowId>42142</YellowId>
    <BlueId>42142</BlueId>
    <MetaId>41285</MetaId>
    <PrismaticId>42142</PrismaticId>
  </GemmingTemplate>
  <GemmingTemplate>
    <Model>DPSDK</Model>
    <Enabled>true</Enabled>
    <Group>Jeweler</Group>
    <RedId>40111</RedId>
    <YellowId>42142</YellowId>
    <BlueId>42142</BlueId>
    <MetaId>41285</MetaId>
    <PrismaticId>40111</PrismaticId>
  </GemmingTemplate>
</ArrayOfGemmingTemplate>